Quaterly Data,Cash On Hand,Receivables,Inventory,Pre-Paid Expenses,Other Current Assets,Total Current Assets,"Property, Plant, And Equipment",Long-Term Investments,Goodwill And Intangible Assets,Other Long-Term Assets,Total Long-Term Assets,Total Assets,Total Current Liabilities,Long Term Debt,Other Non-Current Liabilities,Total Long Term Liabilities,Total Liabilities,Common Stock Net,Retained Earnings (Accumulated Deficit),Comprehensive Income,Other Share Holders Equity,Share Holder Equity,Total Liabilities And Share Holders Equity,Quaterly Data.1,Revenue,Cost Of Goods Sold,Gross Profit,Research And Development Expenses,Selling General Administrative Expenses,Other Operating Income Or Expenses,Operating Expenses,Operating Income,Total Non-Operating Income/Expense,Pre-Tax Income,Income Taxes,Income After Taxes,Other Income,Income From Continuous Operations,Income From Discontinued Operations,Net Income,EBITDA,EBIT,Basic Shares Outstanding,Shares Outstanding,Basic EPS,EPS - Earnings Per Share,Quaterly Data.2,Net Income/Loss,Total Depreciation And Amortization - Cash Flow,Total Non-Cash Items,Change In Accounts Receivable,Change In Inventories,Change In Accounts Payable,Change In Assets/Liabilities,Total Change In Assets/Liabilities,Cash Flow From Operating Activities,"Net Change In Property, Plant, And Equipment",Net Change In Intangible Assets,Net Acquisitions/Divestitures,Net Change In Short-term Investments,Net Change In Long-Term Investments,Net Change In Investments - Total,Investing Activities - Other,Cash Flow From Investing Activities,Net Long-Term Debt,Net Current Debt,Debt Issuance/Retirement Net - Total,Net Common Equity Issued/Repurchased,Net Total Equity Issued/Repurchased,Total Common And Preferred Stock Dividends Paid,Financial Activities - Other,Cash Flow From Financial Activities,Net Cash Flow,Stock-Based Compensation,Common Stock Dividends Paid,Quaterly Data ,Current Ratio,Long-term Debt / Capital,Debt/Equity Ratio,Gross Margin,Operating Margin,EBIT Margin,EBITDA Margin,Pre-Tax Profit Margin,Net Profit Margin,Asset Turnover,Inventory Turnover Ratio,Receiveable Turnover,Days Sales In Receivables,ROE - Return On Equity,Return On Tangible Equity,ROA - Return On Assets,ROI - Return On Investment,Book Value Per Share,Operating Cash Flow Per Share,Free Cash Flow Per Share
2023-06-30,0.45254739296715507,0.6445776521405846,0.6167364856645571,,0.026518708663504413,0.40930208192718975,0.04260731964920306,0.9664371157044763,0.8304996768562953,0.2907039773195276,0.7477428983563339,0.7926433643815148,0.4805408242904652,0.4222347767551948,0.15752447228416988,0.3249205837906368,0.3932827542639691,0.1952714201182526,0.9852274446402828,,0.9999999999999999,0.983710050022273,0.5949373269406647,2023-06-30,0.6300632480623526,31931.27,0.4596817151692115,0.7549923362016663,3514.359,290.0464,0.35923575813585074,0.41676055720287286,0.38860720957855677,5544.684,1574.538,0.7507564973538521,,3970.146,,0.35810258207047346,0.432988051533808,0.41676055720287286,1065.4,1069.8,3.647,3.632,2023-06-30,0.3960237846741946,1807.6,1422.848,-141.124,-462.984,0.0,-1605.9624,-4503.345,0.6238920571340487,-871.971,-914.31,0.0,0.0,1725.8209,1725.8209,-28.8434,0.8495913924994104,0.0,844.829,844.829,-681.8716,-681.8716,-6168.5096,99.4644,0.20116685041442262,0.2742679760715405,0,-6168.5096,2023-06-30,0.9083191850594228,0.4012,0.46028011204481784,0.7097164346467797,11.3909,0.4300418362648267,,13.2973,0.19342388170532102,0.1477,0.6912202380952381,0.8467,0.46478310337559936,0.7241935483870967,5.0396,0.8846226379511939,2.4587,0.9908185873451083,3.7414,0.658923257590441
2023-03-31,0.5722272492626972,0.631155481994581,0.5911252398799455,,0.04115356110105644,0.4364976603688513,0.03618884585044224,0.978030201728025,0.7994405627619712,0.2679704509297749,0.7332785549027325,0.793592363074149,0.4821057854007713,0.4161269839843595,0.16058359664047095,0.31782385277118086,0.3894814446346927,0.15537221168062887,1.0,,0.9182170352047345,0.9999999999999999,0.5967911569182859,2023-03-31,0.5899754557663511,30172.2,0.48204329636973076,0.7708178198903443,3232.008,354.222,0.29328049706251236,0.45734422806693886,0.34634188635669977,5977.765,1672.357,0.7922305269274216,,4305.407,,0.3786573214716235,0.47134766509654286,0.45734422806693886,1069.106,1069.106,3.9608,3.9608,2023-03-31,0.4137543591613644,1772.183,1093.795,2518.196,-3690.349,0.0,-744.9396,-3097.833,0.6238068784978795,-735.279,-1205.428,0.0,0.0,-1188.254,-1188.254,-31.1286,0.5457160163274773,0.0,-703.077,-703.077,-92.3124,-92.3124,-76.2114,15.0276,0.466781710874576,0.4143553798930457,0,-76.2114,2023-03-31,0.9282296650717704,0.3972,0.4497105508870214,0.7906140896381861,13.4103,0.4797676474426691,,14.8443,0.20772960124731832,0.1425,0.6649080086580087,0.8314,0.47335612359211554,0.7519209858644436,5.3792,0.9287519330139933,2.6597,1.0,3.745,0.666351229634359
2022-12-31,0.4926569881545724,0.6213563777232259,0.42000833480186806,,0.02841604196362677,0.3620661152963287,0.04334518052591829,0.9394798330623765,0.7293650268607905,0.2633488226879539,0.7237176820415054,0.7693989347286057,0.43893345624161273,0.4296352121953186,0.16056121020366687,0.3251775043460242,0.37434677837638575,0.10890136891210256,0.8911081786019589,,0.8802138293689696,0.8831094579159414,0.54953028809253,2022-12-31,0.6434024566686921,33160.05,0.40873905101926356,0.4516379833343097,3250.853,790.4606,0.09570144894052424,0.44945424117677996,0.28333346293441475,5527.202,1378.746,0.7728146377676287,,4148.456,,0.3709814966290964,0.472750642723222,0.4494544283443586,1070.184,1070.184,3.8347,3.8347,2022-12-31,0.434986147088164,1921.144,1521.979,839.4044,1893.146,-3815.274,-1485.0095,-4505.34,0.6385144295540677,-1010.985,-1268.53,0.0,0.0,-814.924,-814.924,-9.8264,0.5512402800913054,-14240.46,16101.0192,1860.56,14.1008,14.1008,-354.696,-14.9824,0.5910042695512513,0.56813468609846,0,-354.696,2022-12-31,0.8980552554406545,0.4176,0.48265172735760964,0.6093056052022074,12.5051,0.4574779553171947,,13.1059,0.19836874445613073,0.1539,0.8308982683982684,0.8814,0.4464743749513542,0.7644073939833274,5.5715,0.9252065024704863,2.6498,0.9341865378016574,3.9907,0.6655360339303833
2022-09-30,0.2873931172421257,0.5776592690143404,0.4942981537165029,,0.0382456743886871,0.3035196572200658,0.020599709360536234,0.943821008898179,0.6298393102196529,0.2782478097712061,0.6960417065995077,0.7415120225692616,0.40158245404708515,0.416077938940043,0.23799909317163925,0.32881721221401183,0.3595183820179143,0.0,0.7589553422195653,,0.9050653316081374,0.7414012185572395,0.4950543503008976,2022-09-30,0.5259238469192006,29142.32,0.39738224380049314,0.6034185170975466,3092.104,233.6704,0.23082175391114934,0.398108122592518,0.3803406305222211,5203.195,1176.41,0.7577632444405904,,4026.786,,0.36199340058926627,0.39617379637307704,0.398108122592518,1071.858,1071.858,3.6864,3.6864,2022-09-30,0.344095536889403,1516.272,862.699,570.3948,-1741.021,1031.327,657.6406,-410.058,0.6876667495922162,-598.084,-844.923,0.0,0.0,1008.2,1008.2,18.0538,0.817187788057081,0.0,-3564.44,-3564.44,0.798,0.798,314.753,0.285,0.3409561781196163,0.5357866702915691,0,314.753,2022-09-30,0.8751350517055101,0.4353,0.5091690009337068,0.7029639459213304,11.7165,0.43805942768777684,,13.6971,0.20636743601345212,0.1439,0.6891910173160173,0.8402,0.4683625557622362,0.7895704965567234,5.9333,0.9293176932071059,2.7263,0.854785681162153,4.7006,0.7285512319146267
2022-06-30,0.30975807142803535,0.6001917381830527,0.4609709720404861,,0.056432847340921403,0.3282580243372666,0.06598347498562529,0.9330243720485049,0.6801793320339733,0.32454735990970396,0.7446207067708606,0.7695031307969595,0.48222578814113226,0.4724535326284324,0.23184353373103017,0.3775975819343105,0.42760348256967984,0.13377969887909158,0.7522886634016176,,0.8152309499968212,0.7419410233187264,0.5497338308334884,2022-06-30,0.5481497801684275,29731.62,0.4110795616074052,0.606989365180463,3188.343,-1.0642,0.3003416067067134,0.38972189206207947,0.33606997680788653,4841.046,1437.734,0.6806353377817436,,3403.312,,0.3240694040950084,0.394586964814879,0.38972189206207947,1067.697,1067.697,3.0968,3.0968,2022-06-30,0.33843480958009536,1625.245,1710.3585,192.8112,-1909.148,558.624,713.8569,-1919.416,0.6923717327278631,-709.2576,-758.322,0.0,0.0,1799.377,1799.377,10.12,0.8922635271234176,0.0,-3852.451,-3852.451,0.812,0.812,-5879.0494,0.29,0.0,0.16260518718904188,0,-5879.0494,2022-06-30,0.8449606420743943,0.4519,0.5526423902894491,0.7052604776198332,11.1306,0.4236321954558774,,12.4835,0.18398184416399943,0.1415,0.7213203463203464,0.8327,0.47259178413794484,0.7217107647698442,5.0567,0.8225398860936144,2.2353,0.8550893529598134,4.8318,0.7295260463578424
2022-03-31,0.5783361895963566,0.615682976513979,0.41436129839747016,,0.08793050698581781,0.41961818700256504,0.09780975862469277,0.9269184572110908,0.7427920294612067,0.3608402162586787,0.7886132490471562,0.8133738883529298,0.5585943977526651,0.5410308594413957,0.1934198800086987,0.4415237841944797,0.5033713669846528,0.26990641001921967,0.8347197337411304,,0.6242205809224585,0.8251985169420771,0.6354335542677315,2022-03-31,0.5576419011747272,30180.45,0.4036001905725539,0.6089047241505089,3181.437,1119.956,0.06833784408211774,0.45298796506230155,0.3294118767726998,5820.852,1796.642,0.7574444522929469,,4024.209,,0.35994844316970515,0.4692182523971593,0.45298796506230155,1070.552,1070.552,3.6584,3.6584,2022-03-31,0.40553309609435906,1807.864,366.9595,-518.4564,-2574.327,2225.323,-1107.611,-2910.987,0.5834106112123438,-855.1164,-729.43,0.0,0.0,1115.467,1115.467,10.0998,0.8130092577061871,0.0,-8502.909,-8502.909,-15.7108,-15.7108,-53.8656,-5.611,0.060613667182464914,0.049934149351226975,0,-53.8656,2022-03-31,0.8688840870504707,0.4578,0.563062558356676,0.6815361789433996,13.6267,0.4850962923564479,,14.8804,0.20171983806828014,0.1351,0.7596726190476191,0.8235,0.47790717910642244,0.7664824211670895,5.6578,0.8781352544035002,2.4794,0.9018416543425615,3.1091,0.6237729309420925
2021-12-31,0.8913329828667667,0.6390418462036304,0.34610195377561415,,0.0883268611106281,0.5020466479089079,0.14852636980121825,1.0,0.8169649596876107,0.42313670041856855,0.851973605369428,0.8633559840419929,0.5969504975262869,0.6995926141407969,0.248200556889266,0.620851749738722,0.635182532064129,0.412839456716354,0.8027976501852768,,0.48027357617336935,0.7988964478182344,0.7330715257969848,2021-12-31,0.0,13599.36,0.18134349594086813,0.0,1797.31,-963.8509,0.0,0.2685550294829489,0.22529610283068202,2329.122,1377.606,0.3773317752887717,,951.5161,13959.17,1.0,0.2913970124147741,0.26855527903972054,1069.8,1069.8,13.8297,13.8297,2021-12-31,1.0,1912.763,-9390.274,-993.598,-92.532,-855.857,-264.87,-3813.6433,0.6776152518090441,-1200.912,-975.275,-7171.953,0.0,-520.8596,-520.8596,7433.254,0.61739488486326,-22080.2,16861.195,-5219.0,-0.0468,-0.0468,-94.32,-0.1443,0.2323376622898422,0.2530531883563772,0,-94.32,2021-12-31,0.9060040129649637,0.5013,0.6423529411764705,1.0,12.3345,0.45327709199792177,,12.0999,1.0,0.0626,0.3622159090909091,0.3935,0.9999999999999999,0.45173976078289235,1.3828,0.4707879153622751,0.5482,0.8870406689988368,4.5717,0.6887890638360943
2021-09-30,0.6516225403981177,0.5807535048665623,0.3003965275050774,,1.0000000000000002,1.0,0.14493236110282604,0.4366107392784335,0.79889944548201,0.38975317865080383,0.7655953150125134,0.9591486816107981,1.0,0.7473130678711031,0.27360560925931454,0.6736743146794808,0.8538427965251042,0.4036861088983108,0.8564695546616264,,0.2912328353952907,0.8389438294640331,0.9201986269917425,2021-09-30,0.5071357903762467,29400.99,0.3346366292915586,0.6371537588521121,3426.755,374.9856,0.2824856426166744,0.32458002558830357,0.25791784198647355,3394.917,1008.216,0.5548737529901455,,2386.701,647.3808,0.3009045325203694,0.34820781488847763,0.32458002558830357,1069.245,1069.245,2.724,2.724,2021-09-30,0.304825885035502,1925.702,2038.466,1098.2181,-189.01,-750.851,3716.664,2953.8904,0.96906615801941,-911.395,-615.684,0.0,0.0,-825.8132,-825.8132,-54.2822,0.6202221798027375,0.0,-8732.301,-8732.301,0.3084,0.3084,38.591,-2.6638,0.05440836019238249,0.35620329111703086,0,38.591,2021-09-30,1.0,0.5058,0.6485901027077496,0.6016374417910009,8.7686,0.3654701839662946,,9.0972,0.17536832780786904,0.1093,0.8147997835497836,0.822,0.4787327356793482,0.5957955781080102,3.3512,0.6176592614943612,1.329,0.9095606187011398,9.1496,0.9650035914216327
2021-06-30,0.9672541523771232,0.8624571133771782,0.7828816490511877,,0.046093849500731025,0.7336142431261083,0.3866116245389609,0.6352368351291562,0.9968737330816035,0.5072007694440916,1.0,0.9906007282490706,0.9222146416179355,0.8405860096577553,0.5070584790583768,0.8699796938083653,0.9431509622835811,0.4640043240069538,0.8273425695220357,,0.18391759631857635,0.8054443635203666,0.9816389085939475,2021-06-30,0.930192494712956,40525.61,0.6016000576558372,0.9679308783979163,4477.408,159.0468,0.6592947554294015,0.45697357387195503,0.37742859142416685,6131.736,1668.786,0.8117196504494203,,4462.95,,0.3845782754682572,0.49954186506504694,0.45697357387195503,1069.8,1069.8,4.0485,4.0485,2021-06-30,0.42161321454618617,2230.203,1440.0071,430.3775,-246.757,-172.005,2136.7529,817.3322,0.8917197094092544,-1174.108,-788.7084,0.0,0.0,-409.1262,-409.1262,749.4646,0.69787321040325,0.0,-4594.441,-4594.441,43.41,43.41,-1991.6452,0.0238,0.16768226336977304,0.44654288709401807,0,-1991.6452,2021-06-30,0.884858774502238,0.5307,0.738375350140056,0.6718163166373683,10.2962,0.4030858862319536,,11.7037,0.18097815640904114,0.1485,0.7867965367965368,0.8397,0.46864065638743785,0.8173794853207684,6.6562,0.8312903104137593,2.4094,0.8907483152792959,7.9294,0.8815286914683782
2021-03-31,1.0,0.9057483989215181,0.7786878838715109,,0.04979207896440677,0.771109196693702,0.39122245057433613,0.5870188168448414,1.0,0.5080785874629385,0.9984711807016475,1.0,0.9748203205237373,0.8938380704855908,0.5035342142929227,0.9213261490255418,0.9999999999999999,0.46564723258967966,0.7339665973436086,,0.18462643125383316,0.7151059015551596,0.9999999999999999,2021-03-31,0.8476382665512193,38591.26,0.5335177626019549,0.9999999999999999,4498.094,1793.933,0.3375099016436729,0.4914677475635928,0.40962062523449694,6850.219,1578.13,0.9118155602484378,,5272.089,,0.4337961798327368,0.5314763200657713,0.4914677475635928,1069.825,1069.825,4.8345,4.8345,2021-03-31,0.45946551023145465,2189.37,-261.6151,-393.0256,-2501.62,3640.912,-801.7239,-706.4816,0.7361625840039905,-1153.759,-863.2096,0.0,0.0,1145.32,1145.32,-28.9344,0.7693095951785869,0.0,-1803.578,-1803.578,-57.8688,-57.8688,-94.0368,-40.9904,0.4068205827434845,0.667949787350371,0,-94.0368,2021-03-31,0.8821577403920359,0.5558,0.8070214752567693,0.6380636663222685,12.0267,0.4456978087055874,,13.8528,0.2070562785550304,0.1389,0.7512175324675325,0.7608,0.5172986459647861,0.9349130119608554,8.4949,0.9125334741447593,2.8568,0.8400197770369306,5.4982,0.7440285489516468
2020-12-31,0.7596236447232729,0.8341915631220799,0.5686050862642743,,0.035739515085378044,0.6054670128790287,0.32925451299325736,0.47241048450853573,0.900096858296821,0.4398335868532678,0.9101384048036116,0.9166934178135958,0.7504390771908673,0.8474112577969766,0.4477361982286999,0.8808471750896372,0.8712179607083809,0.31708135646605706,0.5719810294200741,,0.0,0.5168039324357149,0.8372640124912699,2020-12-31,0.9999999999999999,43774.84,0.5500809703488225,0.6234355834598032,5064.168,265.8106,0.6379897187933197,0.41587494260974117,0.2891762231264058,5019.02,1048.882,0.7507553839936159,,3970.137,,0.35588787812787814,0.47133631454853187,0.4158746930529696,1069.8,1069.8,3.5877,3.5877,2020-12-31,0.3678576817644544,2436.688,2125.855,25.037,3419.827,-2803.4617,-2041.397,-2498.248,0.7027507256184977,-1989.886,-721.991,0.0,0.0,1551.378,1551.378,44.8701,0.7480294483583511,-7127.953,1516.809,-5611.146,-0.0267,-0.0267,1.678,0.0,0.2167683473217109,0.30472060363926623,0,1.678,2020-12-31,0.8911869115604261,0.5816,0.875032679738562,0.553557175804643,8.6292,0.3620375910782134,,9.1457,0.1658892813951628,0.1681,0.9802489177489179,0.9043,0.43517413209429884,0.8580645161290322,7.5805,0.8128465281182816,2.3359,0.7286643154941682,4.9298,0.6676110775405032
2020-09-30,0.9653512058116889,0.8454970869588859,0.768338298599596,,0.0374711381790958,0.7133699586780706,0.3480921185022886,0.45262886876065944,0.9403066218166951,0.46846563309185085,0.9296736731372834,0.95425989195626,0.823227306534015,0.9656460055993716,0.46034260487157297,1.0,0.9805131493932496,0.37974658383573656,0.5131308565377235,,0.06330774686036095,0.46980186537400626,0.9106485771484593,2020-09-30,0.7813562057337237,38230.98,0.39821260143773163,0.769171780590462,3801.588,335.503,0.414061984289392,0.3434542537793969,0.22816840623718165,3544.408,1021.706,0.5716979869333569,,2522.702,,0.2704758507926886,0.4273883023285318,0.3434542537793969,1067.178,1067.178,2.2445,2.2445,2020-09-30,0.2819854512989462,2892.795,2700.009,-958.658,75.388,1605.2582,2351.133,2758.032,1.0,-800.472,-860.817,0.0,0.0,-905.729,-905.729,39.9259,0.6083554773928721,0.0,-2849.241,-2849.241,0.0679,0.0679,-1195.9143,0.0,0.29905927005281185,0.6462111073131382,0,-1195.9143,2020-09-30,0.9216700108041364,0.6125,0.9697852474323061,0.4838777598777795,7.5917,0.33649013683585854,,7.5271,0.14291990444548175,0.1386,0.7489853896103896,0.7673,0.5128674010971856,0.6856922798115259,5.1146,0.6341040244408404,1.4264,0.7022711800115987,9.6677,0.9999999999999999
2020-06-30,0.799288113140403,0.833008906890108,0.7053268264524964,,0.04669890010594612,0.653444325394589,0.3270250890024572,0.38632652773965626,0.8603501826058784,0.4302421526018554,0.869105073794612,0.9115493337489942,0.7501181743403993,0.9314255435076966,0.4016872977225532,0.9291359744508214,0.9018230253299594,0.22038445131134532,0.4548393388001948,,0.18982938213698103,0.4018636586025043,0.8272152555010029,2020-06-30,0.39255281079890136,30268.14,0.0,0.7003487925973942,3600.597,403.0026,0.33463842497854634,0.0,0.2364316610257796,-1918.116,180.5804,0.0,,-2098.697,,0.0,0.07307878831353315,0.0,1069.8,1069.8,-2.0591,-2.0591,2020-06-30,0.0,2716.658,2446.949,97.9,2066.311,-494.7642,6162.3804,7629.381,0.8764578392369285,-1693.641,-863.9928,0.0,0.0,760.8402,760.8402,-27.4771,0.6779044985665612,0.0,392.893,392.893,34.1971,34.1971,-184.9029,0.0,0.5245788113754896,0.8659814680048445,0,-184.9029,2020-06-30,0.9224417348356229,0.6197,1.0,0.0,-5.8077,0.006542610691271017,,-5.7713,0.0030490534682684756,0.1024,0.6173566017316018,0.5483,0.7177151847314012,0.058698803914461806,-4.5091,0.11017236827216836,-1.2317,0.6641203548903767,7.6908,0.8402444446978075
2020-03-31,0.5337682173166558,0.897801360170711,0.8141320682195671,,0.053977538418590744,0.6534736028061143,0.34044494916779644,0.47296119568251827,0.8370117434323798,0.47704130906208175,0.8934773423163824,0.9222666436368079,0.7576108827559795,0.945034607331398,0.40066711581676384,0.9123532954579932,0.8945746377005227,0.22531317705952247,0.5347669414678871,,0.2632637597157994,0.49080881111742325,0.8481510802852669,2020-03-31,0.6122808174675235,34764.04,0.2253304782155518,0.8182422969849424,4202.089,457.828,0.4885842299821772,0.1613777143432193,0.22228153631713904,595.728,410.3904,0.2825503668707539,,185.3376,,0.1356914532860921,0.20126580313568368,0.1613777143432193,1069.8,1069.8,0.0993,0.0993,2020-03-31,0.13176916983125014,2185.439,2153.447,2365.261,-3232.376,1351.42,-906.8304,-1083.342,0.48395899055420366,-1657.006,-773.3432,0.0,0.0,589.1088,589.1088,-26.4768,0.6736050232058661,0.0,-2787.786,-2787.786,-33.096,-33.096,-43.0248,0.0,0.3611918216634527,0.22131253973996562,0,-43.0248,2020-03-31,0.9184287698718938,0.6049,0.9361344537815125,0.31407641721468416,1.5985,0.18891326670064787,,1.4507,0.08520636027300607,0.1251,0.6620670995670996,0.6364,0.6183409985911317,0.3762413918086263,0.3585,0.37532531211103987,0.1051,0.7140672397329881,1.5571,0.49253782394053053
2019-12-31,0.6588784622232722,0.9999999999999999,0.7129544189944675,,0.04980611529877418,0.725398792327687,0.36238919401384695,0.4370705449870621,0.8290883615681206,0.5071108474999362,0.9156560874970385,0.951331448816841,0.8174018003694712,1.0,0.4121037423015531,0.9730577698994545,0.9606809743356785,0.2647429830449388,0.5368685055200234,,0.33521043363547576,0.503592220022815,0.9049279837253587,2019-12-31,0.9284838006654589,44144.11,0.3528454757982389,0.7096184685255077,4983.215,-958.0856,0.9038591656214932,0.15345331357426,0.19460395529540297,326.325,353.1268,0.25630727851832047,,-26.802,,0.12158604069528786,0.2127930330286416,0.15345307025640773,1069.8,1069.8,-0.1363,-0.1363,2019-12-31,0.11977864681571644,2494.428,3004.005,-594.352,6226.88,-3857.184,-3223.1814,-3805.8865,0.47622077465064644,-2046.528,-1189.795,0.0,-824.3731,1219.1475,394.7745,23.112,0.5795275782231296,2863.197,940.8,3803.993,24.7972,24.7972,-320.588,-17.312,0.7091043063569114,0.5738558736105157,0,-320.588,2019-12-31,0.9321654576323507,0.6121,0.9614939309056955,0.3288202486521955,1.0116,0.1744614104164666,,0.6236,0.07908676431437484,0.1545,0.8959009740259741,0.7403,0.5315801625052143,0.34868611815875317,-0.0511,0.35107305849960396,-0.0148,0.7212457340690157,1.4228,0.46470715662018713
2019-09-30,0.6095886704770361,0.9381146198458138,1.0,,0.05193074008922784,0.7396255230853959,0.3418776022219491,0.4604561225710646,0.8091306331750692,0.5013786832477936,0.9123977594104995,0.9541621554824404,0.8216645842808052,0.9943866511619432,0.3865284819437398,0.9853733879795179,0.9713367002467287,0.24717402904790786,0.5226542407666973,,0.41906499131469915,0.4936069268739739,0.9104576529601752,2019-09-30,0.8102016444215544,38470.75,0.45148556741477053,0.8553121414977195,4604.792,-185.7899,0.7171677998547759,0.300943567914411,0.22824033483735387,2864.724,847.736,0.5091379041389414,,2016.989,,0.2420748342192286,0.33757278796170354,0.3010271694328891,1067.7,1067.7,1.7911,1.7911,2019-09-30,0.25008592577689476,2091.402,2040.939,310.24,-1789.724,973.88,-76.862,-584.7223,0.6731017411554039,-1902.482,-971.989,0.0,-19.6342,-275.585,-295.2192,33.208,0.5480483293171713,6728.487,-3882.883,2845.604,-0.2379,-0.2379,39.396,0.768,0.6637014658562933,0.7708457594623255,0,39.396,2019-09-30,0.9388022843031332,0.6131,0.9504761904761904,0.5443906356349248,6.0134,0.2976259951195128,,5.951,0.12961939360367317,0.1417,0.6582115800865801,0.7187,0.5476072414604305,0.6138455962305183,3.8658,0.5779806132840494,1.1173,0.6432623779146189,4.526,0.6481489926917419
2019-06-30,0.4514687406072131,0.9232602984259101,0.9109207643411091,,0.05468900511683917,0.6701000356870734,0.32853571125357883,0.436993128719793,0.7775838350118147,0.4892368828162401,0.8978790891841724,0.9285383482255073,0.88694965720859,0.8620286777481012,0.3754336927955473,0.8462285288974298,0.9115900889141942,0.27376636601465076,0.5198821082715595,,0.34107055821908433,0.486241274479407,0.8604025976662261,2019-06-30,0.8052158952330298,41704.89,0.2208232088001954,0.7376838224871528,4548.828,-1810.514,1.0,0.002544605621378579,0.23604361594793147,-1879.068,-483.2532,0.08695120772988696,,-1395.815,,0.041809345010749135,0.035386948694606214,0.0025607020331452623,1069.7,1069.7,-1.3936,-1.3936,2019-06-30,0.0004578691245630401,2049.657,1857.773,91.9496,-156.754,-608.594,2965.5348,2292.6778,0.4899503385820879,-1818.331,-1055.2546,0.0,1307.4267,-62.858,1244.5692,-21.772,0.6950731087944003,0.0,-358.313,-358.313,34.959,34.959,-3897.3855,0.7552,0.2761449771636054,0.1141644776280446,0,-3897.3855,2019-06-30,0.8637907084426609,0.5902,0.9316153127917833,0.1995338383417964,-3.9414,0.0524984794647716,,-3.9203,0.04501950128755056,0.145,0.7500676406926408,0.7257,0.5422804775984699,0.1699710039869518,-2.6769,0.1948100931618451,-0.8238,0.6330964985655071,1.651,0.48928274179388653
2019-03-31,0.6485346955976685,0.9530960925595108,0.9315991210067999,,0.05979650761588632,0.749173096108227,0.3231902421178712,0.4817696420318721,0.7588321705248837,0.4905457866353691,0.89579677594252,0.94901722886203,0.814855473565292,0.9635806226898598,0.3127484716815129,0.8938395227732958,0.9091125230130656,0.3019006976818859,0.6528310965862799,,0.3540169541844468,0.6259050808621328,0.9004072500717336,2019-03-31,0.7252370574424879,36489.85,0.3807447352033304,0.8393555416538306,4736.286,1126.745,0.46816208990692476,0.3109723811153653,0.21950415922270455,2979.287,538.3843,0.5615789031595555,,2440.903,,0.26955165567264827,0.34209011897313885,0.3109776218075684,1069.7,1069.7,2.2262,2.2262,2019-03-31,0.25665280327607737,2045.633,952.963,-195.3576,-4169.522,1671.898,134.0282,-2559.029,0.42643851553017686,-1815.059,-855.2814,0.0,-463.4194,-1072.225,-1535.645,-68.148,0.43547368001267434,0.0,4241.196,4241.196,-11.3583,-11.3583,-10.2225,-72.6912,0.7299758561813441,0.48608765640682944,0,-10.2225,2019-03-31,0.948371662293564,0.5839,0.8525116713352007,0.49666292888586383,6.7736,0.31634519966412794,,6.6074,0.14519415928379475,0.1334,0.6486066017316018,0.6645,0.5922607569409281,0.6390630663283798,4.067,0.6265228378531287,1.3176,0.6959839678831445,0.6583,0.43286891881106837
2018-12-31,0.6447876524124727,0.9642275500879945,0.7822724962176558,,0.073381204126369,0.7305118831262463,0.2373768488909933,0.35387878958493146,0.7433424763494432,0.5187613144286234,0.8732971832335308,0.9022632453283791,0.775357556672563,0.9204958616215915,0.32102576785478243,0.8552670112500649,0.8069314291156472,0.31346451118691565,0.6564227114733004,,0.3378277098848248,0.5942646382806253,0.8090752630831074,2018-12-31,0.9582703121425894,44040.28,0.43161526194903366,0.7087325485578638,5349.642,755.9639,0.6157399003234538,0.3132827153174265,0.17312786377889536,2876.152,966.4707,0.4958631863355567,,1909.681,,0.2363733273041752,0.34752777985819183,0.3185865453837394,-534.9,-534.9,-3.4193,-3.4193,2018-12-31,0.2512491197847245,2010.864,1889.91,-603.3407,3260.68,-2647.861,-3269.252,-3204.13,0.46591786829456755,-2609.82,-1016.48,0.0,320.9938,-224.4631,96.5308,27.08,0.5116660674831989,19.77,3066.887,3086.66,0.0,0.0,0.0,-1.4274,0.6711450831567526,0.49494791743947125,0,0.0,2018-12-31,0.9581725574934404,0.5731,0.8193090569561158,0.4271989658262372,5.8593,0.29383142866288936,,5.3057,0.12217464128256034,0.1655,0.8804112554112555,0.8033,0.48992628584371617,0.577392171076477,3.2038,0.5739825745860521,1.0613,0.6767583638558206,1.2759,0.4259540070004218
2018-09-30,0.6323134387603122,0.8926350721397093,0.8991257708651036,,0.06698713685880309,0.7042019463832305,0.18390210831183829,0.34233115629405986,0.7445570217176318,0.49182321777404336,0.8189793584468321,0.9034054701531625,0.7282639439378245,0.8893067077397074,0.28451384476747243,0.7899674459708339,0.8036268659682068,0.36571420271152544,0.6312897916480603,,0.33366407359226213,0.6104876145100543,0.8113065523754973,2018-09-30,0.771949407163436,37493.59,0.42540644221499824,0.9154885506065832,4818.229,-97.6938,0.7641222192884018,0.26267584627976676,0.3208728632831712,2727.285,679.2044,0.5129841926350727,,2048.081,,0.24512927174095056,0.28253859571431617,0.26271540102806157,1068.988,1068.988,1.8376,1.8376,2018-09-30,0.23485820151061704,1779.937,1113.391,-780.5543,-3561.874,796.377,-2132.815,-5679.914,0.25815851923640465,-2158.009,-828.47,0.0,557.9999,-169.97,388.0299,-31.609,0.5981782645529097,17215.04,-11800.87,5414.17,38.5777,38.5777,110.84,2.3322,0.8050074318817813,0.47791351940725724,0,110.84,2018-09-30,0.967741935483871,0.5728,0.8040709617180204,0.5326043844658482,4.8768,0.26963829729603284,,5.8317,0.13233656106404085,0.1454,0.6789772727272728,0.7281,0.5404780707162665,0.5955599855019935,3.4514,0.5941990721532833,1.1475,0.6717603865073248,-1.9721,0.26443124422807235
2018-06-30,0.6765456898734252,0.8681701353937478,0.7795051754864318,,0.06219856932782094,0.67024224025734,0.18031651533629356,0.3575977028482148,0.7526576661391198,0.5156960551962473,0.8429623916204851,0.9036672241577601,0.6969244223039719,0.9027310726687818,0.31138183301565925,0.8143103458292691,0.8025936332859881,0.4323318904686837,0.6204770349902214,,0.44761087877385725,0.6149389051598803,0.8118178780751549,2018-06-30,0.8239365919580798,38766.66,0.46456528898196814,0.8361774514232362,5030.387,314.531,0.6956069707571457,0.31953405005622204,0.20022791646173496,3014.255,839.9407,0.5286001833085776,,2174.315,,0.2505417507924592,0.3339493437889592,0.3193345918065396,1069.8,1069.8,1.9182,1.9182,2018-06-30,0.2520432521020379,1725.187,1711.925,344.8078,-1698.754,797.536,-2949.312,-3505.697,0.3929494640056557,-1710.029,-897.9462,0.0,139.5998,-158.1567,-18.5568,-21.549,0.5963720059504707,0.0,7398.853,7398.853,94.5957,94.5957,-4647.5209,-83.1892,0.6405622465665716,0.44556960623151376,0,-4647.5209,2018-06-30,0.9634202809075475,0.5743,0.7977964519140989,0.5539978748512641,6.5659,0.3112307840052006,,6.2077,0.13275082165663646,0.1509,0.7542613636363636,0.7748,0.5079328640603915,0.6097408481333817,3.655,0.608946554520424,1.2102,0.6578550685234863,0.1349,0.4086410744621418
2018-03-31,0.6735443426441321,0.8847425741655094,0.7394236590890274,,0.059473374279952494,0.669020953947991,0.18749611701023028,0.47140348654716413,0.7669794629877478,0.5113069651020128,0.849690602637942,0.9072537033838445,0.7009603353628822,0.844649884525752,0.31528915458865103,0.7606034061124283,0.7720228270424673,0.5212018537574368,0.7037999486000813,,0.5066664801293526,0.7196652261531941,0.818823917972824,2018-03-31,0.8323035233394752,38301.87,0.5161432625861685,0.9392004938472266,5000.386,46.7123,0.7802907782691926,0.34151919057259367,0.3210579336273982,3991.441,1097.738,0.6175931700050362,,2893.702,,0.2939351025987157,0.3583652456797117,0.34153173080036536,1069.8,1069.8,2.6061,2.6061,2018-03-31,0.30968336351214276,1816.861,1396.451,-4.9168,-2546.902,3054.562,-4429.061,-3926.289,0.44409519143270404,-1535.359,-940.3918,0.0,-470.8105,67.6099,-403.2007,122.92,0.5857010975992187,0.0,4402.017,4402.017,-54.0879,-54.0879,-4.9171,-9.8336,0.7397733051182906,0.595158580711165,0,-4.9171,2018-03-31,0.9602562123784535,0.5454,0.7224649859943977,0.6243432360041328,7.2464,0.3279874515829572,,8.1614,0.1503980841342968,0.1514,0.7642045454545454,0.7673,0.5128809563163386,0.6710402319681044,4.4478,0.6919247161769698,1.6,0.6854310988424295,0.9342,0.46351001607588727
2017-12-31,0.4575322598418634,0.7906259159203367,0.5142998280773666,,0.042430272237524845,0.4902028893250061,0.11553030068635173,0.3744079415014533,0.6803421761056858,0.4374243981254511,0.7409999871533159,0.8427953754920174,0.5182394463634767,0.719334554841969,0.0770697504516375,0.6156573927813931,0.6534580064227608,0.3943332268131243,0.5734404590267919,,0.608301884308049,0.6166249282130839,0.6929072212685156,2017-12-31,0.8964283859885965,40496.33,0.5222475608328915,0.6881136472309212,5499.36,118.6967,0.7405398046075649,0.3591741467669577,0.271066759461041,3897.013,117.5215,0.7271713215227256,,3779.492,,0.346015876769906,0.37004895098453555,0.3552715779730462,-534.9,-534.9,-6.8868,-6.8868,2017-12-31,0.3047357677572953,1783.977,1358.549,-1063.7002,1534.6,-3230.095,-7309.837,-10158.559,0.0,-2808.764,-1038.89,0.0,-678.0995,-55.2351,-733.3342,-100.0858,0.39510682337862485,3968.71,882.5865,4851.29,56.4103,56.4103,0.0,0.45,0.7697471150795739,0.0,0,0.0,2017-12-31,0.9414261460101868,0.546,0.7286647992530345,0.5968534088071256,7.3441,0.3303932214908879,,7.6032,0.1678985049609795,0.1708,0.9059794372294372,0.8477,0.4642461417910904,0.7993657122145705,6.2539,0.8291027043337231,2.2405,0.6677227575153288,-6.0141,0.0
2017-09-30,0.7418418769104016,0.7673744700095355,0.6369097588874103,,0.047215643995950136,0.5817167584008134,0.11245658167694172,0.3883111993187369,0.6357873595681918,0.4635438454004386,0.7586523534581644,0.8436865186857814,0.5443612369058577,0.7648610852158269,0.07593905772289428,0.7217576206316243,0.67519083629497,0.3943332268131243,0.5497188497354364,,0.7325809981707683,0.5645313963625044,0.694648032904796,2017-09-30,0.8058297115736798,38049.16,0.4694571109327921,0.8394270058645538,4678.869,472.4365,0.5588570202653642,0.36540770058577837,0.23796121298836118,3888.787,1259.831,0.5848423178824087,,2628.956,,0.2779298170472445,0.3674104474971639,0.3624570037078521,1067.662,1067.662,2.3622,2.3622,2017-09-30,0.3331860020622186,1834.765,1379.249,-959.0175,-1432.546,1772.286,-2955.491,-3569.297,0.4868642759184862,-1770.915,-1079.959,0.0,-729.363,-308.7827,-1038.1461,-0.6739,0.47351445793588565,14885.27,-6748.237,8137.033,12.8033,12.8033,-261.048,-11.753,0.925042540599452,0.7926233461182715,0,-261.048,2017-09-30,0.9965272418583114,0.5558,0.7375910364145658,0.5868348504806067,8.1016,0.3490459410943421,,8.1212,0.14507000048947216,0.1594,0.8085091991341992,0.8453,0.46558198677535323,0.675271837622327,4.5245,0.6841172255120129,1.5842,0.6428315366998878,1.6109,0.48909461970835366
2017-06-30,0.4338832709352758,0.6912943968552684,0.5057055465284995,,0.03953400936455353,0.41741401616343143,0.0546457636612554,0.3065101802391459,0.5182351434469681,0.39585636084453235,0.6724964833001739,0.761921251925591,0.41336108123066095,0.6327035350619654,0.04230361409478489,0.577281767613421,0.5234597947100953,0.2181230629503852,0.44176917791115844,,0.777234122091278,0.4373677747506778,0.5349229417906164,2017-06-30,0.7303084097329323,35713.75,0.44543102842720783,0.6150022159811457,4560.185,235.4292,0.5046145785200344,0.3596413170433487,0.2691439135768149,4016.598,1253.056,0.6014916305618375,,2763.543,,0.2877359431086823,0.35624562438712887,0.3577021361498144,1069.8,1069.8,2.5083,2.5083,2017-06-30,0.31772601622949304,1571.989,1199.9605,185.9802,-445.421,498.759,-4374.62,-4144.276,0.41994760437179346,-1474.419,-990.9721,0.0,-184.861,-327.2304,-512.091,-0.8373,0.5637075216772308,0.0,7109.3952,7109.3952,60.1472,60.1472,-3825.175,0.0,0.6743700574777428,0.43512840996170804,0,-3825.175,2017-06-30,0.9595616607501158,0.5502,0.7355368814192342,0.6076162588568266,8.3879,0.356095807262618,,8.8586,0.15298631746209873,0.1671,0.8361066017316018,0.8707,0.45199572179792924,0.7272743747734687,5.2616,0.7382793346660129,1.862,0.6217937684793059,0.5569,0.4452450717714259
2017-03-31,0.3677185534920333,0.6795619961194818,0.485364374688659,,0.03595833151221294,0.38551209381904705,0.033938630073783616,0.2928856796327185,0.44466524517362416,0.36709087044082245,0.6467507061361961,0.7416414953118791,0.4305305777878212,0.5883459739759258,0.059388374119289156,0.5363283298377937,0.5045224484873897,0.13651048969225865,0.3714777841166962,,0.7840727034667754,0.35603372338090067,0.4953072699871016,2017-03-31,0.6195548358034272,32678.63,0.38384224908606235,0.6073555454337557,4221.238,531.6164,0.3733827315334346,0.3424957686089649,0.3558952486299546,3932.257,1106.913,0.6091368278907132,,2825.344,,0.28981813183423116,0.3213608376569722,0.3255430027806239,1069.8,1069.8,2.5462,2.5462,2017-03-31,0.3065824908415696,1479.79,429.3415,37.2995,-1301.22,2414.876,-2407.722,-1282.698,0.5143164411456598,-917.278,-902.3629,0.0,2223.414,-116.1246,2107.289,76.7304,0.8944837715289192,0.0,-361.1582,-361.1582,-44.7453,-44.7453,0.0,0.0,0.48981537887447685,0.5728276858678236,0,0.0,2017-03-31,0.9222102176261769,0.5562,0.749206349206349,0.5785007418433952,7.9985,0.34650720130408985,,9.5666,0.16131211968907772,0.1557,0.775974025974026,0.8006,0.4915511630815298,0.7630935121420805,5.7739,0.7575906159242636,2.0128,0.5993001296908796,2.0315,0.5590019268262093
2016-12-31,0.37936096858321333,0.7131357398912234,0.47068504023322644,,0.04062342316430672,0.40956557863091914,0.05529080406538822,0.30137038522803783,,0.3917222893839232,0.6623348202464505,0.0,0.4436905797998074,0.5859491314284886,0.07199335940109536,0.5442478951987917,,,0.41391260920204365,,,,,2016-12-31,0.7018775145911188,35139.23,0.4157879638977644,0.6613612266613242,4693.951,507.71,0.5140417684335601,0.3294349654117434,0.28573204846821243,3765.796,1293.372,0.5654782618269475,,2472.424,,0.27125570843264374,0.3375936180882732,0.33760957179988516,-534.9,-534.9,-4.5055,-4.5055,2016-12-31,0.29786065773038584,1546.666,1285.526,-95.861,2332.121,-2798.2318,-3252.483,-3830.798,0.4032872852282599,-2210.163,-905.584,-4090.82,2662.956,-4114.356,-1451.4,-17.0784,0.0,17102.99,-12414.8014,4688.19,39.2271,39.2271,0.0,-109.5158,0.7544978836350946,0.1823812368626058,0,0.0,2016-12-31,0.9324741472449452,0.5435,0.7433053221288515,0.5720812257309482,7.5754,0.3360887647836654,,8.1949,0.14476437884190885,0.1687,0.8673566017316018,0.8499,0.4630204876205868,0.6901776005799203,4.6901,0.6964885150680798,1.7031,0.6059710426467025,0.2965,0.39120272720017324
2016-09-30,0.4920977161876452,0.6754926573857827,0.5718474259476906,,0.04224573203791752,0.4396209328055174,0.032838893114626844,0.321804526271093,0.3531468768712225,0.27342655481335976,0.6024270901155249,0.7369321700446133,0.43405244925742337,0.5455175450222276,0.04082966266837801,0.5278858859595499,0.5011987006482369,0.2553549340007919,0.33288537635858917,,0.7587387416672855,0.3342860516311027,0.4861077964550645,2016-09-30,0.6686901743075621,33251.22,0.4634893802180037,0.5554506757561266,4311.108,430.3767,0.42405026734437934,0.4006714449717648,0.21997515547269725,4438.259,1383.033,0.6375747698715319,,3055.226,,0.30065638263101346,0.40455561478836954,0.40186981658887455,1069.8,1069.8,2.7235,2.7235,2016-09-30,0.33231684187142146,1582.814,1287.537,-572.1282,-1010.119,575.3,-3177.43,-4189.324,0.4379068977169075,-1365.257,-854.644,0.0,-4604.6931,4016.1995,-588.4936,46.7478,0.5851743505143132,0.0,2114.51,2114.51,0.0226,0.0226,9.816,-4.464,0.6232592203649078,0.44284880963182915,0,9.816,2016-09-30,0.0,0.0,0.0,0.6794746867364276,10.4283,0.40633872353837786,,10.2599,0.16245700703287938,0.0,0.0,0.0,0.0,0.3521384559623052,0.0,0.3540527288499981,0.0,0.0,0.8375,0.46706153302397696
2016-06-30,0.47578561715227097,0.6708929966327287,0.5404610227754706,,0.035966696916847084,0.4211144718558857,0.03324680815146919,0.3147729592016272,0.33230029125340743,0.2680954424321511,0.5985232321413037,0.730245927997989,0.45291959652212954,0.5335214766127521,0.046165452113634986,0.5104695126320349,0.49876841130882765,0.2877437032030983,0.29553896095611143,,0.7483597917996687,0.29731398771369333,0.4730464971720726,2016-06-30,0.6842421529320465,34855.46,0.3924918416111399,0.5343882238320503,4258.216,-205.618,0.5397303452373095,0.3001678206899658,0.37156852948781005,3568.539,813.4832,0.600441731859063,,2755.056,,0.2901168645405689,0.29689972067112097,0.2991808860475741,1069.8,1069.8,2.5506,2.5506,2016-06-30,0.2897746753682234,1537.686,695.634,-174.9568,-752.817,1144.483,-1927.074,-1709.89,0.47991785046926305,-1423.431,-846.679,0.0,1643.2051,-151.2434,1491.9616,-25.1118,0.7789334613438592,0.0,4599.334,4599.334,32.923,32.923,-3905.6391,0.0,0.5384768537530753,0.5293510779424019,0,-3905.6391,2016-06-30,0.0,0.0,0.0,0.5474314590566102,6.6035,0.3121566483709958,,8.2246,0.15728531571551874,0.0,0.0,0.0,0.0,0.3521384559623052,0.0,0.3540527288499981,0.0,0.0,1.4938,0.5013852626298326
2016-03-31,0.44884695577920297,0.62766553540144,0.4591911541942971,,0.030149215946967713,0.3644626805540583,0.0,0.40798783391630133,0.27265695369630594,0.21870401616580737,0.5490404901271957,0.6932855323337812,0.3581035507228747,0.4631405900530659,0.0,0.4234183086235579,0.39980554944614466,0.2236702684767966,0.32294769420329217,,0.762953936324802,0.3207367331300518,0.40084588193533477,2016-03-31,0.5442168088005602,30982.46,0.31703936194026494,0.5026959135228712,4049.482,438.9706,0.35070590468017704,0.28770826214466466,0.15820501206262064,2291.912,747.7941,0.45064059655325944,,1544.118,,0.2173637753273605,0.28314797046495105,0.28777514335944715,1069.653,1069.653,1.3897,1.3897,2016-03-31,0.2206386380973937,1472.426,1626.838,-221.603,-1976.78,1916.145,-1625.735,-1908.088,0.4649350838898906,-1191.176,-692.647,0.0,-2312.868,-36.3971,-2349.265,35.28,0.44302814163371157,0.0,6264.706,6264.706,-41.9118,-41.9118,-1.1029,0.0,0.8391129757021099,0.6384116636162463,0,-1.1029,2016-03-31,0.0,0.0,0.0,0.5331332233217935,6.9393,0.3204254051272202,,5.9292,0.12827991122646204,0.0,0.0,0.0,0.0,0.3521384559623052,0.0,0.3540527288499981,0.0,0.0,1.26,0.5004161488558756
2015-12-31,0.1281435843882548,0.5610617978496677,0.2704125171887942,,0.028851873278845412,0.1891098067094834,1.0,0.4064535842558772,0.2589822924034937,1.0,0.8123828099609225,0.609914915905909,0.19922051951335606,0.3604239189062031,0.37382897615098276,0.31055358202984884,0.23572847357685556,0.2405618762642905,0.26533330660051513,,0.848757260296294,0.21602628874737018,0.3686861288639517,2015-12-31,0.605425272000348,23061.47,1.0,0.5446820232427599,2223.96,,0.07942355931084566,1.0,0.23517153027124857,1645.08,558.75,0.39400915701682304,,2119.36,0.0,0.25424694213637467,1.0,1.0,1104.737,1104.737,1.92,1.92,2015-12-31,0.2611425823001282,1550.93,1550.93,0.0,0.0,0.0,0.0,-5860.18,0.3008870122737988,-1845.87,0.0,0.0,0.0,0.0,-3414.1,-299.3,0.3082998339801645,0.0,39.94,4471.1,0.0,29.86,302.44,-304.05,0.7506157465418223,0.266815368811839,0,0.0,2015-12-31,0.9195863559191233,0.5227,0.7225396825396825,0.5959671140578098,34.5373,1.0,,4.0301,0.14417462456887647,0.188,0.6565205627705628,0.9233,0.42620975958288404,0.691681768756796,4.8777,0.722136310489194,1.8517,0.0,-1.2924,0.3265001311153929
2015-09-30,0.11374312117203811,0.5802095890974147,0.4495288894315913,,0.07607066605069718,0.27428292038415725,,0.04366629366101524,0.235696438294819,0.3063367274670894,0.09414727451209609,0.6594897762873901,0.2577402140675751,0.4235466380932485,0.5270428156594192,0.40746416614540193,0.34357316253476367,0.24737356331505156,0.276236468789131,,0.7134504993405013,0.25091194704000686,0.3348272602433845,2015-09-30,0.6235470276778684,32537.98,0.4029673149951082,0.44010212412896343,3696.05,,0.3465657799194668,0.368255642463008,0.22391178831996175,3927.47,1240.54,0.5920140896974964,,2686.446,0.0,0.2876013692886191,0.3646286277497412,0.368255642463008,1082.96,1082.96,2.48,2.48,2015-09-30,0.3084866374938175,1488.95,1488.95,0.0,0.0,0.0,0.0,-5397.07,0.41617725339214645,-1194.51,0.0,0.0,0.0,0.0,-183.24,-765.18,0.6463709223734315,0.0,0.0,4275.98,0.0,25.67,-18.47,0.0,0.7371427813958934,0.5967373415538209,0,0.0,2015-09-30,0.9526933168698873,0.5344,0.7046872082166199,0.617957996484201,9.5798,0.3854452151772809,,9.4716,0.15953688769717667,0.1766,0.7964691558441559,0.9141,0.430535186288065,0.7827111272200074,5.8866,0.785576886810244,2.2124,0.0,0.5247,0.45565449383757645
2015-06-30,0.0990602572098096,0.5447453194398579,0.3904489275996187,,0.022275317998951348,0.19876455597093468,,0.3458155334567301,0.2157429506328019,0.24432079977296506,0.10708759220611497,0.6417559424759064,0.2422164267333271,0.4051800801742958,0.4763144391806706,0.3707500251218383,0.3130660768744299,0.23235115584620125,0.24541857213942142,,0.7009682726775023,0.21693746020582294,0.3001849440915819,2015-06-30,0.6246427473824395,32274.49,0.4234206015637524,0.4730642530584318,4091.83,,0.43972168129909583,0.35895578459182836,0.26891381981691254,4009.97,1386.06,0.5842180939099566,,2623.432,0.0,0.28389506041735174,0.3492740803793797,0.35895578459182836,1118.868,1118.868,2.34,2.34,2015-06-30,0.30735283638893773,1391.81,1391.81,0.0,0.0,0.0,0.0,-5544.59,0.32395822011822484,-1039.76,0.0,0.0,0.0,0.0,509.04,-843.35,0.7224558427513,0.0,0.0,3221.42,0.0,43.74,-3141.7,0.0,0.5183340002397602,0.24458321062477528,0,0.0,2015-06-30,0.8953542213304522,0.537,0.7135387488328664,0.6526605980775728,9.2116,0.37637863912712666,,9.6614,0.15765182292568258,0.1816,0.828327922077922,0.9602,0.4098464237396488,0.7869246103660748,5.961,0.7870855806585448,2.2215,0.0,-0.8995,0.3877538222987378
2015-03-31,0.23931152672952682,0.5535759519271959,0.39911166368103135,,0.022962095787642793,0.24388083800735005,,0.340726586857533,0.22447037510114143,0.2441524658935057,0.12390313446943607,0.6633776096410853,0.3348892892628743,0.38002047162613145,0.7026882201858857,0.40936094562257086,0.38019673901350937,0.28515510922398724,0.2058348021194265,,0.6463896491541732,0.1786312135259963,0.34242198305492944,2015-03-31,0.5065733358967485,30143.06,0.28311247140786316,0.4468646465486448,3939.16,,0.39907749686447946,0.241770600303199,0.20928306625790485,3161.48,847.65,0.5458591225706944,,2233.354,0.0,0.2609517533445388,0.24155781631446818,0.241770600303199,1120.219,1120.219,1.99,1.99,2015-03-31,0.26619858075765573,1542.93,1542.93,0.0,0.0,0.0,0.0,-2314.96,0.5109725815114387,-1002.28,0.0,0.0,0.0,0.0,-65.46,-644.48,0.6889916192490385,0.0,0.0,1822.85,0.0,-30.47,-50.79,0.0,0.603449916502123,0.625183618385285,0,0.0,2015-03-31,0.8695014662756598,0.5387,0.7518207282913164,0.6785981852992591,5.2147,0.27795876456204893,,8.4762,0.1536763538382378,0.1579,0.7681953463203464,0.8524,0.4616920761436013,0.7370605291772381,5.3419,0.7106702372421076,1.9595,0.0,1.8902,0.5488205315304016
2014-12-31,0.26098252551579604,0.6083448382874261,0.45424577674849276,,0.029530191669592205,0.301010164803595,,0.3451457654474779,0.36737368134468484,0.2920797830651082,0.14350736584754464,0.7079766162677866,0.3775459350041874,0.44983303469518815,0.7295004200121955,0.47747867548631473,0.4431581565429733,0.7559718847808106,0.28131394231908424,,0.5512329876426573,0.30072910140756204,0.4295443111449798,2014-12-31,0.6085013703512955,35703.9,0.15268446132593416,0.6292519433540409,4865.7,,0.6539107366822894,0.044337566211310825,0.1537328027465061,2483.789,1037.21,0.4385743694329669,,1254.832,0.0,0.20339780074146174,0.05845229128616994,0.044337566211310825,1069.8,1069.8,1.17,1.17,2014-12-31,0.24136498335973977,1771.47,1771.47,0.0,0.0,0.0,0.0,-7465.64,0.023473234258536424,-1998.82,0.0,0.0,0.0,0.0,-2778.67,3242.39,0.7065208280824378,0.0,2830.07,797.32,0.0,13.3,-11.46,-0.03,0.7027431394686234,0.16098321196496812,0,0.0,2014-12-31,0.8889489118691155,0.5306,0.7261998132586367,0.6804931911997298,-2.9797,0.07617943054416694,,6.0684,0.11879250797183026,0.1624,0.8707386363636365,0.8697,0.4524924549901134,0.5439923885465748,2.6805,0.5418096782710369,0.9938,0.0,-5.5205,0.06437765793704175
2014-09-30,0.41772125900966994,0.5715211936505915,0.48918302753121046,,0.024697055643883158,0.3239511079774986,,0.4576591666725315,0.3528618997457258,0.23449359018397664,0.12424967536557602,0.6976202011180715,0.34773689608135827,0.44179913196511394,0.7003308928563816,0.4533197514024656,0.4140892375934998,0.7503375263561067,0.292765188038036,,0.5435815287734149,0.31085947392941915,0.40931347941228247,2014-09-30,0.6396928953635393,33997.83,0.34316304060713865,0.5810283664486279,4735.7,,0.6102506766123177,0.23331805006071404,0.43502028580926483,4751.62,1008.44,0.722679284089575,,3580.639,0.0,0.34019532378325823,0.23157114266858655,0.23331805006071404,1101.953,1101.953,3.25,3.25,2014-09-30,0.338726223708808,1518.28,1518.28,0.0,0.0,0.0,0.0,-4028.22,0.5092020143551125,-1298.17,0.0,0.0,0.0,0.0,4768.77,-3124.96,0.8926318641513034,0.0,0.0,2797.1,0.0,43.62,113.61,-3337.13,0.4917036822966142,0.5937868659870749,0,0.0,2014-09-30,0.9287698718938108,0.5259,0.6929225023342669,0.7219091082699625,4.3041,0.25553610255425296,,11.3023,0.18387081754984555,0.1693,0.8071563852813853,0.9376,0.4197382356002032,0.894508880028996,7.5318,0.8977482744314111,2.8379,0.0,1.8333,0.5338790774036871
2014-06-30,0.32764450525166644,0.5452791227853792,0.42889077293030275,,0.05698297452170329,0.29147304799916585,,0.4462948105295508,0.39078336479955755,0.19445026938816024,0.10556017901246839,0.6781377831514115,0.30936258693668695,0.43177896733849647,0.6333936701106246,0.41944464706883555,0.3749003937657974,0.8557160833793307,0.26950125674623937,,0.43544063576854364,0.28864426336997673,0.3712553759149134,2014-06-30,0.6514749695126657,33888.94,0.37890560323738065,0.5655956406122722,4963.17,,0.6517839461350583,0.2537400293491241,0.44368865413813013,4026.23,1013.76,0.6322855665092335,,2832.161,0.0,0.2961719218194333,0.2624553601500507,0.2537400293491241,1069.8,1069.8,2.65,2.65,2014-06-30,0.31161873684916463,1686.16,1686.16,0.0,0.0,0.0,0.0,-3647.48,0.3801797089773796,-1511.63,0.0,0.0,0.0,0.0,-2066.6,2301.38,0.7320754339824999,0.0,0.0,-21.92,0.0,-6.88,-3466.58,3323.87,0.5028163930947595,0.3321511373758518,0,0.0,2014-06-30,0.9286926994906621,0.528,0.7121195144724556,0.6448749149206006,5.0325,0.27347226223630716,,9.4822,0.16182069321197606,0.1759,0.8431412337662337,0.9816,0.4009170324389512,0.7900507430228343,6.1735,0.7964394825180101,2.2812,0.0,0.0531,0.4106363087026416
2014-03-31,0.40456059431335745,0.5215845537868209,0.38002996273390754,,0.05615599004485517,0.2852923773017666,,0.3686574377092292,0.4019653243904797,0.1562503484475335,0.08195704976479384,0.6607670908935164,0.2569673605979361,0.40242407315473944,0.6038186997104688,0.37998657729962715,0.32571975139380227,0.8526657319390911,0.2854201032008298,,0.4651494462207779,0.30676367336592725,0.3373224418764774,2014-03-31,0.6008922369213195,31583.17,0.4129483057411706,0.5671962026871488,4396.56,,0.535460261403393,0.3203366246336117,0.10672649052583694,2261.32,772.96,0.4437429587696726,,1498.974,0.0,0.21775755667584076,0.32797278133597707,0.3203366246336117,1131.25,1131.25,1.33,1.33,2014-03-31,0.21903580799570788,1669.26,1669.26,0.0,0.0,0.0,0.0,-1306.08,0.5231039573551722,-1352.68,0.0,0.0,0.0,0.0,731.84,-513.93,0.7461352171542812,0.0,0.0,21.92,0.0,-28.78,-45.22,0.0,0.5091002349576129,0.5000096069946032,0,0.0,2014-03-31,0.9632659361012502,0.5147,0.6685340802987861,0.6211212363077254,7.8809,0.3436114127557516,,5.5617,0.12620502675980166,0.1728,0.8175730519480521,0.9721,0.40485373044003736,0.5800471185212034,3.2073,0.5943499415381134,1.2207,0.0,2.0511,0.5408281932298851
2013-12-31,0.3595076036894571,0.0,0.23732631396856363,,0.4980823014826035,0.20709220199280876,,0.4474718896841652,0.3689452962659514,0.12027959250252396,0.07421164982036055,0.628665995430539,0.2205963807830238,0.35549582792652273,0.47635174990867757,0.3047181071539464,0.2610892656853697,0.7526080887063609,0.2599977398617306,,0.4676512407851766,0.2703182749460332,0.2746142700469024,2013-12-31,0.677311950333361,34068.77,0.42898491719782084,0.5804613776693357,4680.909,,0.5987503300547892,0.31599371291625367,0.18937439613996138,3113.739,773.84,0.5490840323483106,,2265.801,0.0,0.26286019597547816,0.3124593886591099,0.31599371291625367,1095.425,1095.425,2.07,2.07,2013-12-31,0.2585632371802932,1490.12,1490.12,0.0,0.0,0.0,0.0,-3652.69,0.3949268585287532,-2218.91,0.0,0.0,0.0,0.0,-751.56,-591.05,0.5059898060634596,0.0,1122.41,3033.91,0.0,12.2,-76.98,-0.23,0.7270500245046687,0.467914723529499,0,0.0,2013-12-31,0.9196635283222719,0.5078,0.6695424836601306,0.6375544140906175,7.2258,0.32748019610595236,,7.1776,0.1445459071172835,0.1938,1.0,4.1855,0.09402468449134259,0.7085810076114534,5.0207,0.7358277071625241,1.936,0.0,0.1878,0.38584409809711656
2013-09-30,0.331825221190878,0.48319315193303114,0.33363582836228545,,0.01860425260200898,0.2062689839180224,,0.4184595570381944,0.3478773444881522,0.11344426583948053,0.06913311919210846,0.6204103527640745,0.22455811304347706,0.3628094049675516,0.43803292156503226,0.2943497274038478,0.25630474060583885,0.7441603735648439,0.20615195055400737,,0.6207606566470067,0.22941884852965255,0.2584872110968649,2013-09-30,0.6249368852539533,31111.9,0.5027292209964873,0.4731528450551963,4408.6,,0.5050972836490859,0.412370416866494,0.17742064039782346,2744.77,231.82,0.5704915992640442,,2616.519,0.0,0.2834884569129389,0.4094339805384626,0.412370416866494,1102.907,1102.907,2.37,2.37,2013-09-30,0.2500969284678386,1500.29,1500.29,0.0,0.0,0.0,0.0,-1685.79,0.5120702135154449,-36.7,0.0,-2726.71,0.0,0.0,2802.83,-2002.01,0.6642158034219066,0.0,0.0,-1058.98,0.0,35.23,-265.04,-84.78,0.4418537638587354,0.3391584313753913,0,0.0,2013-09-30,0.9158049081648404,0.5202,0.7507749766573296,0.5960503572110605,11.2715,0.42710172442238126,,6.6115,0.15743335120105723,0.1879,0.8375270562770564,1.0507,0.37454644673979487,0.780427691192461,6.0657,0.8008146946780825,2.2677,0.0,1.8765,0.6040087106226271
2013-06-30,0.23773916677166185,0.47772912762608033,0.33393416061560977,,0.06857407291656387,0.21133512629595674,,0.13109095942214624,0.3315047301113956,0.18029925303639416,0.060567512807217116,0.6135530718882658,0.24005130266407582,0.36329361558319545,0.44812494048050544,0.28948932413325357,0.26032187801687845,0.6980534323716445,0.14941354879984836,,0.6522326561960253,0.17416349879620618,0.24509179448437568,2013-06-30,0.5599416776243314,30206.77,0.40736046263130343,0.4621260945245893,4605.9,,0.5419458380091096,0.3132186416163243,1.0,6605.24,620.3,1.0,,3741.467,0.0,0.3496547810966837,0.304861381713061,0.3132186416163243,1068.4,1068.4,3.5,3.5,2013-06-30,0.44603284879578164,1412.77,1412.77,0.0,0.0,0.0,0.0,-2409.76,0.4726631309955905,-2772.87,0.0,2726.71,0.0,0.0,-1257.05,741.6,0.8028552799245632,0.0,0.0,2603.91,0.0,74.65,-3095.84,21.13,0.488735348156979,0.4503609323940404,0,0.0,2013-06-30,0.9086278746720173,0.5344,0.8052287581699346,0.6330788704393768,7.8832,0.3436680480759997,,16.8503,0.1961398553311279,0.1794,0.8129734848484849,1.0004,0.39336415177997514,1.0,9.2837,1.0,3.329,0.0,1.4108,0.4207663979751222
2013-03-31,0.1811140650185259,0.4946936300351581,0.32975242123219084,,0.066779270652641,0.20490120598886186,,0.2575721320205412,0.3205924810142471,0.2033874315738965,0.08843963985567999,0.6245551656394507,0.25056109490261513,0.35914413028160835,0.5501807971277136,0.31604423681361704,0.28205744855933246,0.7301929748647984,0.13781758132396726,,0.8952482568190875,0.18776008214959827,0.2665839328517433,2013-03-31,0.41380006202716557,27423.2,0.243520665000047,0.4865302365666182,4381.42,,0.5041628160274605,0.17345246258566893,0.16962513535212936,1003.88,258.89,0.3517831144570198,,734.497,0.0,0.17279313786446754,0.16427854566625757,0.17345246258566893,1128.0,1128.0,0.65,0.65,2013-03-31,0.15315379037463636,1398.83,1398.83,0.0,0.0,0.0,0.0,-1232.39,0.41860580158629657,-1340.71,0.0,0.0,0.0,0.0,-966.89,-677.62,0.5630196036403834,0.0,0.0,2879.56,0.0,-19.81,-39.62,-21.13,0.6590713327567796,0.46065169885511287,0,0.0,2013-03-31,0.8947368421052632,0.5295,0.7328478057889821,0.5790638572918554,2.5004,0.21112169945359227,,2.9532,0.10798830519664245,0.1529,0.7406655844155845,0.8455,0.4654665487799865,0.477537151141718,1.7838,0.47863312337343944,0.6511,0.0,0.5082,0.45328301542601096
2012-12-31,0.11847560472268837,0.4580092384449811,0.22553270808443393,,0.058202851036425064,0.13589528808293283,,0.24239209228019062,0.2804760135771245,0.17325602683846308,0.06718738984847367,0.5886825095243913,0.17587983725598533,0.3093642838762108,0.14392062551257834,0.17376350527429496,0.15716442034481737,0.6476958761389127,0.2469279435111249,,0.8913371454153687,0.28731427787243946,0.19650817215875438,2012-12-31,0.5950880659452616,30539.23,0.46954527135934787,0.5029610988998527,5851.639,,0.8131848636873722,0.28856904583902454,0.5710061644754364,2688.57,-353.41,0.6359361510171722,,3198.99,0.0,0.3177477871340958,0.2803632818977013,0.28856904583902454,1128.708,1128.708,2.83,2.83,2012-12-31,0.25116156980107135,1415.05,1415.05,0.0,0.0,0.0,0.0,-2959.56,0.3307563605681056,-1913.9,0.0,0.0,0.0,0.0,-78.83,-730.04,0.5889898281308277,0.0,-87.45,2385.06,0.0,16.41,-579.13,412.58,0.6248000398513192,0.3218138744284436,0,0.0,2012-12-31,0.886556567371508,0.4878,0.6257703081232492,0.5521224555750878,6.6624,0.31360700505039313,,6.6463,0.17660155890916945,0.193,0.9063852813852815,1.0647,0.36961453329380456,0.8473812975715839,6.7914,0.9296948666691811,2.7995,0.0,-0.8096,0.3420401555142573
2012-09-30,0.08509070198505997,0.4492517138071386,0.31094453841524994,,0.06068114132317202,0.14249608963572302,,0.2620980512214176,0.23723921624505306,0.14048847038816414,0.054007203474408016,0.5762331857456408,0.16020544946772675,0.29899805841526844,0.24758901629021923,0.19126487325790542,0.16111509650242517,0.5654816420829238,0.1784373695635929,,0.7721912366827274,0.19589985617980654,0.17218892935969599,2012-09-30,0.5000717101394768,27843.65,0.42290881135744274,0.47377298903254694,4048.27,,0.4309834807578059,0.3611264917801926,0.1377413253136184,2051.04,543.1,0.4461651358169597,,1563.25,0.0,0.22153809289016746,0.34054432401159596,0.3611264917801926,1170.1,1170.1,1.34,1.34,2012-09-30,0.20096310221395097,1217.04,1217.04,0.0,0.0,0.0,0.0,-1104.67,0.3502529368834082,-1147.98,0.0,0.0,0.0,0.0,-1835.74,-662.33,0.49762795585220165,0.0,0.0,4388.88,0.0,28.61,79.06,-12.96,0.7476852858840325,0.4382547516503004,0,0.0,2012-09-30,0.9056181509492206,0.5064,0.6653221288515405,0.6079247481894614,10.4085,0.4058511673031985,,5.5334,0.13254070677393665,0.1807,0.7644751082251083,0.9894,0.39776391355793017,0.6167995650598043,3.6693,0.6414211896050994,1.4417,0.0,-0.4881,0.41323581388455
2012-06-30,0.016773024448795137,0.45877645642109055,0.2985371543913352,,0.051982217092276205,0.12180637028376184,,0.3014958934189136,0.24353670183080833,0.14451643395466995,0.06143789162013363,0.5751305610438705,0.13817584192594268,0.30688282926758653,0.2737203841654692,0.20079729290944448,0.15707260789162303,0.6424055423127322,0.16841803079985207,,0.8239429969400336,0.1995011094466016,0.17003499728152482,2012-06-30,0.5015418381652309,28710.41,0.36785039391958074,0.480287453861288,4577.52,,0.5424347316654565,0.2766102853450843,0.25131464096936423,2592.04,645.12,0.5004698998730399,,1946.927,0.0,0.24410491087984043,0.25889952034018515,0.2766102853450843,1130.619,1130.619,1.72,1.72,2012-06-30,0.23367829389130595,1262.57,1262.57,0.0,0.0,0.0,0.0,-4614.67,0.4244044090232648,-1600.09,0.0,0.0,0.0,0.0,-1513.0,-445.81,0.5062500624664845,0.0,0.0,6510.6,0.0,32.64,-3014.84,-456.13,0.6734469492200246,0.44680600250492974,0,0.0,2012-06-30,0.902994289242167,0.5083,0.6481045751633986,0.6720219761924582,6.7443,0.31562371493227154,,6.9831,0.144809744555219,0.1813,0.7969426406926406,0.9758,0.4032940057071845,0.6805454874954694,4.5567,0.7126315392448987,1.7819,0.0,0.6237,0.4506265035515169
2012-03-31,0.0,0.4497521958879238,0.2989987599553935,,0.05154185843260201,0.11148440972608153,,0.23450912221682654,0.23708400548920217,0.13342528151863053,0.05056378087750013,0.5621889038208502,0.09518769607723887,0.0,1.0,0.15590440661787752,0.10874911013862987,0.7029997415993017,0.20198946848474142,,0.8709524574679492,0.24411584524063923,0.14475400131562133,2012-03-31,0.45362066037881466,27091.81,0.36184635787575836,0.5022877997244434,4073.27,,0.44609999009835644,0.30020550376247385,0.17826239942146077,2594.46,738.09,0.48926825882953434,,1754.118,0.0,0.2327644197642123,0.2870591073738205,0.30020550376247385,1070.237,1070.237,1.64,1.64,2012-03-31,0.23649026733395367,1335.9,1335.9,0.0,0.0,0.0,0.0,-3843.85,0.3472226351219391,-1293.95,0.0,0.0,0.0,0.0,412.96,-591.26,0.712739273849011,0.0,0.0,5124.69,0.0,-26.22,0.0,-3.93,0.7798225132916194,0.6309088401513022,0,0.0,2012-03-31,0.9292329063127026,0.3553,0.2594957983193277,0.7132224403954539,8.1375,0.3499299445712583,,7.3266,0.14132852297594303,0.1769,0.7516910173160173,0.9444,0.4166896230861998,0.635148604566872,3.8767,0.6845698336665031,2.0136,0.0,-0.5794,0.39011960004104473
2011-12-31,0.06430877184113037,0.4841253184584555,0.271819072820359,,0.013755920991103059,0.11882467504425842,,0.47550948114679303,0.2869337987959716,0.08114250505990772,0.06632672594079753,0.5794486595639212,0.1890865567527138,0.2302116973803457,0.2988148691423934,0.13915927589717236,0.14118973865653717,0.894353868289036,0.2061641625914309,,0.8618896243625412,0.26986387540035983,0.1784702254277003,2011-12-31,0.5605119907492518,30038.6,0.4201039035530342,0.6967531387553839,4859.199,,0.6761461152551325,0.28439046725574957,0.24737217607343714,2769.659,363.15,0.5573241351634173,,2314.118,0.0,0.2657020680314185,0.26022809574830863,0.28439046725574957,1066.3,1066.3,2.17,2.17,2011-12-31,0.4022761947874489,1159.17,1159.17,0.0,0.0,0.0,0.0,-2541.67,0.2910125113898013,-1692.39,0.0,-246.36,0.0,0.0,-1469.38,548.95,0.575491130056062,0.0,3605.95,7628.36,0.0,16.0,335.79,-7636.18,0.7196131455278545,0.4060224300417627,0,0.0,2011-12-31,0.8598549158820806,0.4618,0.5616806722689075,0.7184079991773618,6.7009,0.31455503106324195,,7.0619,0.15263294243210362,0.1901,0.8540313852813853,0.9912,0.3970319317236729,0.7163465023559261,5.0229,0.7770904839135518,2.1633,0.0,-1.4344,0.3095463407404029
2011-09-30,0.11624641617654663,0.44824743409683787,0.29694558650964675,,0.014293249416105713,0.11598392962881365,,0.4754871946456095,0.2726120019473437,0.03828228944147305,0.048603415262154503,0.563656636039763,0.13230018536244192,0.20712795465192874,0.30307006883651644,0.13116751887257927,0.11003242898066945,0.9483963102215056,0.1721053370248926,,0.9528183353560973,0.2502367348637048,0.14762115593623337,2011-09-30,0.49194867743207527,28684.71,0.34647973861785675,0.5575810179716542,4274.6,,0.506943527625586,0.2676233716654614,0.19966990604569604,2796.4,870.77,0.49783618438086724,,1894.072,0.0,0.2409961262384776,0.24824834071047233,0.2676233716654614,1123.945,1123.945,1.69,1.69,2011-09-30,0.19797194209021785,1235.83,1235.83,0.0,0.0,0.0,0.0,-3616.68,0.3907127890637809,-1339.17,0.0,183.05,0.0,0.0,-503.5,-1807.41,0.5153432034832004,0.0,0.0,-4092.23,0.0,26.63,37.1,7246.94,0.681135792055227,0.42854245618099324,0,0.0,2011-09-30,0.9019910480012349,0.457,0.5393837535014004,0.721811175148491,6.4153,0.30752240173156337,,7.6037,0.1436756017224645,0.1832,0.797348484848485,0.9832,0.4002458304583151,0.6559079376585719,4.1937,0.7100290423565798,1.8204,0.0,0.071,0.43504657446784245
2011-06-30,0.13147472829296059,0.43670832985200714,0.2374942125855507,,0.014000616909427888,0.09910184220792662,,0.44929879629434133,0.2558874068947501,0.02497851764754111,0.03927467750509217,0.5501861346207586,0.12475255031943266,0.14357418817971995,0.37051471748316767,0.09377051571960027,0.0827511121982436,1.0,0.14786808812352026,,0.9883002013574292,0.2353700226597556,0.12130708454924044,2011-06-30,0.5294650086795932,28424.03,0.4544741653104001,0.49849015612981007,4403.03,,0.5127978744471584,0.36551126664598255,0.21757429543992116,3627.46,1175.58,0.5629368315276899,,2325.49,0.0,0.26637093756015895,0.3535463767582038,0.36551126664598255,1064.238,1064.238,2.19,2.19,2011-06-30,0.2334592879477571,1355.24,1355.24,0.0,0.0,0.0,0.0,-3409.92,0.45575720547557463,-2474.33,0.0,63.31,0.0,0.0,673.4,188.13,0.7050958500582707,0.0,0.0,4092.23,0.0,-21.01,-3088.02,173.84,0.572700857408287,0.48274573512688507,0,0.0,2011-06-30,0.8910325667541288,0.4326,0.524593837535014,0.7799295860856621,10.3069,0.40334936359136875,,9.5175,0.15503374373386083,0.1946,0.8341450216450218,1.0383,0.3790218553859258,0.7305545487495468,5.2203,0.801795345679478,2.3696,0.0,1.0506,0.41979728420116513
2011-03-31,0.06107834428640091,0.3962805179682847,0.16747863917939654,,0.011829214781450666,0.03768860273239805,,0.1286558659244089,0.1902010276139442,0.06651364349689892,0.013329425214435753,0.511447946200003,0.06524462424291189,0.0795342143470607,0.3454717568449196,0.020838968263856117,0.008988028067204001,0.8321465758849462,0.1291809368273128,,0.7964973230180941,0.18012306745606876,0.045633624163540665,2011-03-31,0.48845579020784713,25701.48,0.5397552479961588,0.46572292959322314,4086.26,,0.4360085649217771,0.4674338707309648,0.2064370265105492,2574.24,961.07,0.4591827911124659,,1748.961,0.0,0.23246109931400877,0.44755872506927746,0.4674338707309648,1192.202,1192.202,1.47,1.47,2011-03-31,0.18507678830403473,1229.02,1229.02,0.0,0.0,0.0,0.0,-3912.64,0.3417918989015724,65.62,0.0,0.0,0.0,0.0,0.0,-1294.64,0.7368085380724936,0.0,0.0,0.0,0.0,38.27,-30.07,-196.86,0.5019158458597682,0.2692208782078558,0,0.0,2011-03-31,0.8766784997684828,0.4148,0.5015499533146591,0.6456681732045186,15.1749,0.5232192500991119,,7.0234,0.1391581317444191,0.2013,0.8072916666666667,1.0696,0.36794724133799633,0.653098948894527,4.1352,0.7162901218270283,1.9437,0.0,-0.5963,0.4612183470339417
2010-12-31,0.11317358008707412,0.38639670142687943,0.06472376052199358,,0.009127377071240506,0.0202134386037518,,0.3926758346294693,0.15644056785084837,0.0,0.016130002305372593,0.5065689863632342,0.10193874576538842,0.07545873339987486,0.3202461513095711,0.0,0.012561862066177598,0.7404984228383404,0.08855622731887458,,0.9123555115912709,0.13890209405194642,0.03610277646563109,2010-12-31,0.4603437315374458,27493.21,0.3509033097141364,0.4444431319704182,5202.61,,0.6588615585187141,0.22575872589289386,0.22380292341159294,2059.06,451.91,0.45843807682111415,,1539.707,0.0,0.2201533588666767,0.20715910744803567,0.22575872589289386,1151.515,1151.515,1.34,1.34,2010-12-31,0.18685136517197726,1248.01,1248.01,0.0,0.0,0.0,0.0,-1631.07,0.4217180518952037,-1753.54,0.0,-451.57,0.0,0.0,-2305.27,5941.03,1.0,0.0,-37.18,-10163.74,0.0,198.1,-13.83,8166.96,0.4145417232423719,0.4514494971917831,0,0.0,2010-12-31,0.8278283685753974,0.4233,0.5282539682539682,0.741436972691349,4.7357,0.2661638435190725,,5.7756,0.13375125501858204,0.1977,0.9629329004329005,1.0587,0.37170334883875494,0.6289688292859732,3.808,0.676007996077396,1.7618,0.0,0.2659,0.4243407176002462
2010-09-30,0.23460234617749853,0.3493096364434507,0.029934057008749737,,0.0,0.015010842575671868,,0.0,0.11723585758607402,0.0916533012683669,0.0,0.48885340792760756,0.06731944774261267,0.07552138126818753,0.3168935158929488,0.005229538289662217,0.0,0.6415110783565714,0.04981162476601192,,0.5809706016507317,0.05724868557175611,0.0014961214409507928,2010-09-30,0.4303610345906699,24543.47,0.4781051484810208,0.38052695937147385,3413.86,,0.2675465377252624,0.4614927350592388,0.18215626391186607,2963.58,886.36,0.5165888819599396,,2220.818,0.0,0.26021442056118577,0.4340960396434977,0.4614927350592388,1118.237,1118.237,1.99,1.99,2010-09-30,0.21081155848401778,1108.38,1108.38,0.0,0.0,0.0,0.0,1263.28,0.674513768462574,-1092.07,0.0,216.77,0.0,0.0,620.04,-639.05,0.7699313605897984,0.0,0.0,0.0,0.0,15.12,-5.02,-68.83,0.5087493792299616,0.6721628476526897,0,0.0,2010-09-30,0.8503627102947987,0.4462,0.5709056956115779,0.6676639522869832,15.8078,0.5388038127882553,,8.5695,0.15885759583208475,0.1987,0.8944128787878789,1.1001,0.3577270433618343,0.7903316418992388,6.0976,0.8352883491117565,2.6781,0.0,4.3085,0.682467021628339
2010-06-30,0.092318581218652,0.3765525056927971,0.03111721034829007,,0.007800191527035684,0.0,,0.32296189946676623,0.09836206004535886,0.0107481901410299,0.005324598951774506,0.4880875246974172,0.0,0.14626342904479978,0.3576723649031841,0.06947022077738485,0.010008242565760606,0.6076972828172709,0.009420948929988626,,0.7290455674310786,0.02561754996889465,0.0,2010-06-30,0.3720198543063272,24512.6,0.3396581227900314,0.33687472949910313,3864.03,,0.3451630470658129,0.31025758813237764,0.20033864762567577,2404.17,729.92,0.4667387959157494,,1698.541,0.0,0.22949553462537922,0.27473933482084134,0.31025758813237764,1111.864,1111.864,1.53,1.53,2010-06-30,0.1847655693316232,977.24,977.24,0.0,0.0,0.0,0.0,323.12,0.5731655473711355,-649.67,0.0,234.8,0.0,0.0,148.32,-578.72,0.7747822232804004,0.0,0.0,0.0,0.0,84.22,-74.16,-4707.57,0.26474105611150955,0.29115764695231594,0,0.0,2010-06-30,0.8931162216391418,0.4913,0.6065359477124183,0.6966374662742814,9.361,0.3800574725380257,,7.3965,0.14457694681586414,0.187,0.8920454545454546,0.9826,0.4005007560314166,0.7004258789416455,4.8655,0.7227020706823069,1.9555,0.0,2.3888,0.6036438677900785
2010-03-31,0.2455018300753239,0.3794821245505773,0.08258206796517509,,0.020461247106376763,0.06248625660793783,,0.3384574691449256,0.12958571450380907,0.019713587817230982,0.013581309698332378,0.5137304298860162,0.05561007587188205,0.20067222909851207,0.36193609276370864,0.12095879997013348,0.06832627953329129,0.861625661482853,0.015287830431303662,,0.8259139831182358,0.03691092984198763,0.050092362319246075,2010-03-31,0.2530194740040219,23027.28,0.1534253739905242,0.3492894213123522,3486.16,,0.271550514885471,0.1606632894564697,0.1635053722888264,1374.51,526.52,0.36452490382732433,,816.426,0.0,0.17761197462318887,0.13494174465319494,0.1606632894564697,938.421,938.421,0.87,0.87,2010-03-31,0.14498560219299347,1133.42,1133.42,0.0,0.0,0.0,0.0,626.29,0.5465137263517876,-918.65,0.0,0.0,0.0,0.0,1320.47,-508.51,0.8478707315352287,0.0,0.0,0.0,0.0,0.0,-30.48,-3390.56,0.3318854792176369,0.3982889703291561,0,0.0,2010-03-31,0.9121778052168544,0.5121,0.6612885154061624,0.6593494302740657,2.2819,0.20574134403002164,,4.8631,0.11667703313010289,0.1545,0.790719696969697,0.8499,0.46304103908188315,0.5172345052555274,2.322,0.5223852449741636,0.889,0.0,2.8895,0.6009873559155844
2009-12-31,0.30444814747085447,0.32554212537283345,0.0,,0.012761785077089395,0.020261537208400848,,0.45572024106956444,0.11006138882245076,0.014723639292148816,0.022464823574444737,0.5045611758708867,0.03825400789003108,0.1925800463793899,0.3244416538388831,0.10289453066919207,0.048854502612886375,0.8825729370373825,0.001952650103255571,,0.8753120813840354,0.029191977238415046,0.03218060111493126,2009-12-31,0.3436740009346174,25412.62,0.21052953249215395,0.21547416326630886,4207.29,,0.37357045019473234,0.18250450434375398,0.10688978788839013,170.66,809.39,0.18060768933587695,,-519.904,0.0,0.09901274692869662,0.14910373609461983,0.18250450434375398,1024.0,1024.6,-0.51,-0.51,2009-12-31,0.07899146191182757,1010.42,1010.42,0.0,0.0,0.0,0.0,47.45,0.46592719966201307,-571.85,0.0,-25.72,0.0,0.0,-253.09,-373.2,0.7373181656297477,0.0,0.0,0.0,0.0,-59.0,-28.72,-2717.2,0.36429413324511617,0.255457918252476,0,0.0,2009-12-31,0.8811544991511036,0.511,0.6840709617180204,0.481879924199764,3.1594,0.22734894990729043,,0.5419,0.062484107077409416,0.1753,0.9595508658008659,1.0497,0.3748945097864309,0.24600398695179415,-1.4868,0.2448987289254328,-0.5728,0.0,4.9684,0.7074929596734656
2009-09-30,0.45939097020652375,0.3490412427737615,0.0543362477388033,,0.002987734029635772,0.08186204755550863,,0.48968662833388465,0.09933149115977202,0.0607237493566084,0.04861185189038958,0.5298715523669498,0.0791868829243414,0.24527014834066757,0.34437411076098257,0.15711671014304707,0.10217561255692886,0.9620273293141066,0.02121139765856972,,0.8165651718512723,0.051635300019581165,0.08162338228783128,2009-09-30,0.27214966228874626,22108.29,0.261637497441894,0.3107519027198451,3542.98,,0.26981153871542685,0.26104873612908874,0.13739140239386155,408.75,328.71,0.2695243490028066,,83.944,0.0,0.13452941305522506,0.24760341754024257,0.26104873612908874,1399.067,1399.067,0.06,0.06,2009-09-30,0.09649569532815262,1330.87,1330.87,0.0,0.0,0.0,0.0,4229.52,0.693504895707912,-915.74,0.0,180.99,0.0,0.0,-2185.09,-588.99,0.5112068089408266,0.0,0.0,0.0,0.0,130.65,-59.38,-4521.94,0.27772482211693506,0.22294661772592383,0,0.0,2009-09-30,0.9120234604105572,0.5259,0.7032306255835666,0.4914479901675146,7.7869,0.3412967518412635,,1.4121,0.08565404823330391,0.1534,0.7834145021645021,0.9213,0.42717218014274083,0.3688111634650236,0.2311,0.3708369479123449,0.0872,0.0,1.4219,0.5580385137215108
2009-06-30,0.5156155763562247,0.33842883439895066,0.029391046054636827,,0.005517250670603102,0.08610235780405606,,0.3461715309887935,0.04465913852093484,0.05010324837627933,0.024750382859941522,0.5164097573579697,0.15671328016893527,0.16649507140983416,0.3096950327694795,0.08010606472375337,0.08872097715856897,0.8058783865399226,0.0,,0.6568803156705127,0.0,0.055326318515312,2009-06-30,0.24285122882551136,22462.39,0.16712262418974716,0.34143426426591017,3605.47,,0.29341870750544596,0.16668933058080532,0.0,-1650.86,-204.31,0.08067494866481514,,-1445.453,0.0,0.04457451940001014,0.13913820440354988,0.16668933058080532,1026.263,1026.263,-1.41,-1.41,2009-06-30,0.021120975110865192,1104.12,1104.12,0.0,0.0,0.0,0.0,6430.56,0.7102457278038921,-701.85,0.0,-155.27,0.0,0.0,-2041.41,-400.63,0.5319531035773974,0.0,0.0,-6753.2,0.0,105.33,-808.53,6905.84,0.48287810898546774,0.5099003669188166,0,0.0,2009-06-30,0.8524463651798118,0.5086,0.7611951447245564,0.3088516851841877,2.6577,0.21499506287751752,,-5.9167,0.020345328585055326,0.1517,0.819128787878788,0.9065,0.43412513303791694,0.04602210945994928,-4.2339,0.05755667031267675,-1.66,0.0,4.932,0.7394395101984972
2009-03-31,0.35927417873715917,0.3318884171968228,0.14232761136696748,,0.00675310604810922,0.06694342882614202,,0.3591147097945654,0.0,0.035401550038504426,0.01725463041464559,0.505979197297081,0.09162179375140966,0.1707402756655962,0.28103008879242586,0.07919102731857341,0.05825774222214919,0.6799806734625542,0.021237097617923695,,0.7163966916235761,0.013361536520128059,0.03495064774322665,2009-03-31,0.14919161201867548,21456.43,0.009523016260257672,0.3026782187480509,3573.45,,0.27327711400092414,0.02734636864014707,0.13516355980474298,-2133.34,-451.26,0.05153831128240918,,-1691.219,0.0,0.03011924428565621,0.0,0.02734636864014707,918.571,918.571,-1.84,-1.84,2009-03-31,0.01242622957690985,1106.56,1106.56,0.0,0.0,0.0,0.0,4546.6,0.5819483978969251,-799.18,0.0,0.0,0.0,0.0,-3119.58,-531.04,0.4180894429018727,0.0,0.0,6753.2,0.0,2546.67,-19.62,0.0,1.0,1.0,0,0.0,2009-03-31,0.8853989813242784,0.5063,0.7233986928104574,0.155963392599194,-6.0734,0.0,,-8.6846,0.0,0.1364,0.6914231601731602,0.8085,0.48677928867457065,0.0,-4.7777,0.0,-1.9186,0.0,3.5969,0.6475219190732991
